{"nanometers_per_monomer": {"internal TAD": 33.21385660266333}, "seconds_per_sim_dt": {"internal TAD": 0.014394794139947802}}