{"nanometers_per_monomer": {"internal TAD": 23.102992132439027, "terminal TAD": 19.218821521367232}, "seconds_per_sim_dt": {"internal TAD": 0.003454479473829604, "terminal TAD": 0.004355444544643432}}
